{
    "name": "root",
    "gauges": {
        "AnimalAI.mean_reward": {
            "value": -0.5413124395466488,
            "min": -0.9607856458640613,
            "max": 0.7465985494097231,
            "count": 1000
        },
        "blindgotox1_AnimalAI.Policy/Entropy.mean": {
            "value": 0.3200026750564575,
            "min": 0.29824963212013245,
            "max": 2.1859090328216553,
            "count": 1000
        },
        "blindgotox1_AnimalAI.Environment/Lesson.mean": {
            "value": 3.0,
            "min": 0.0,
            "max": 3.0,
            "count": 1000
        },
        "blindgotox1_AnimalAI.Environment/Cumulative Reward.mean": {
            "value": -0.5413124395466488,
            "min": -0.9607856458640613,
            "max": 0.7465985494097231,
            "count": 1000
        },
        "blindgotox1_AnimalAI.Environment/Episode Length.mean": {
            "value": 211.9375,
            "min": 48.354166666666664,
            "max": 244.42857142857142,
            "count": 1000
        },
        "blindgotox1_AnimalAI.Policy/Extrinsic Value Estimate.mean": {
            "value": -0.21661515533924103,
            "min": -0.353478342294693,
            "max": 0.5963850617408752,
            "count": 1000
        },
        "blindgotox1_AnimalAI.Policy/Curiosity Value Estimate.mean": {
            "value": 0.007154867984354496,
            "min": 0.006319933105260134,
            "max": 0.5916145443916321,
            "count": 1000
        },
        "blindgotox1_AnimalAI.Policy/Extrinsic Reward.mean": {
            "value": -0.5315816275616909,
            "min": -0.9598943852796787,
            "max": 0.7465175062582637,
            "count": 1000
        },
        "blindgotox1_AnimalAI.Policy/Curiosity Reward.mean": {
            "value": 0.015715091769147586,
            "min": 0.006848100833311801,
            "max": 1.0681089681706257,
            "count": 1000
        },
        "blindgotox1_AnimalAI.Losses/Value Loss.mean": {
            "value": 0.008618572726845741,
            "min": 0.002422238467261195,
            "max": 0.09627214074134827,
            "count": 1000
        },
        "blindgotox1_AnimalAI.Losses/Policy Loss.mean": {
            "value": 0.1015796884894371,
            "min": 0.08892717957496643,
            "max": 0.11009559780359268,
            "count": 1000
        },
        "blindgotox1_AnimalAI.Policy/Learning Rate.mean": {
            "value": 1.5040022560697253e-07,
            "min": 1.5040022560697253e-07,
            "max": 0.00029984235879965127,
            "count": 1000
        },
        "blindgotox1_AnimalAI.Losses/Curiosity Forward Loss.mean": {
            "value": 0.007105270866304636,
            "min": 0.004855412058532238,
            "max": 0.4310879111289978,
            "count": 1000
        },
        "blindgotox1_AnimalAI.Losses/Curiosity Inverse Loss.mean": {
            "value": 0.010395903140306473,
            "min": 0.0030821620021015406,
            "max": 1.2710866928100586,
            "count": 1000
        }
    },
    "total": 23137.767998824012,
    "count": 1,
    "self": 4.157164988981094,
    "children": {
        "run_training.setup": {
            "total": 0.09461445600027218,
            "count": 1,
            "self": 0.09461445600027218
        },
        "TrainerController.start_learning": {
            "total": 23133.51621937903,
            "count": 1,
            "self": 7430.88042641955,
            "children": {
                "TrainerControllerAAI._reset_env": {
                    "total": 3.656617064960301,
                    "count": 4,
                    "self": 3.656617064960301
                },
                "TrainerController.advance": {
                    "total": 15689.621016287885,
                    "count": 1508988,
                    "self": 64.3329818957136,
                    "children": {
                        "env_step": {
                            "total": 9767.813094426063,
                            "count": 1508988,
                            "self": 5593.807855977444,
                            "children": {
                                "SubprocessEnvManager._take_step": {
                                    "total": 4122.54096641799,
                                    "count": 2539054,
                                    "self": 190.3549025868997,
                                    "children": {
                                        "NNPolicy.evaluate": {
                                            "total": 3932.18606383109,
                                            "count": 2539054,
                                            "self": 3932.18606383109
                                        }
                                    }
                                },
                                "workers": {
                                    "total": 51.46427203062922,
                                    "count": 1508988,
                                    "self": 0.0,
                                    "children": {
                                        "worker_root": {
                                            "total": 92376.06541652838,
                                            "count": 2539046,
                                            "is_parallel": true,
                                            "self": 51687.76814791752,
                                            "children": {
                                                "run_training.setup": {
                                                    "total": 0.0,
                                                    "count": 0,
                                                    "is_parallel": true,
                                                    "self": 0.0,
                                                    "children": {
                                                        "batched_step_result_from_proto": {
                                                            "total": 0.008718392928130925,
                                                            "count": 8,
                                                            "is_parallel": true,
                                                            "self": 0.004503553849644959,
                                                            "children": {
                                                                "_process_vector_observation": {
                                                                    "total": 0.004214839078485966,
                                                                    "count": 8,
                                                                    "is_parallel": true,
                                                                    "self": 0.004214839078485966
                                                                }
                                                            }
                                                        },
                                                        "UnityEnvironment.step": {
                                                            "total": 0.10303034901153296,
                                                            "count": 4,
                                                            "is_parallel": true,
                                                            "self": 0.0008953731157816947,
                                                            "children": {
                                                                "UnityEnvironment._generate_step_input": {
                                                                    "total": 0.0010010700207203627,
                                                                    "count": 4,
                                                                    "is_parallel": true,