{
    "name": "root",
    "total": 202.3015678189695,
    "count": 1,
    "self": 7.052782320941333,
    "children": {
        "run_training.setup": {
            "total": 0.045724205032456666,
            "count": 1,
            "self": 0.045724205032456666
        },
        "TrainerController.start_learning": {
            "total": 195.2030612929957,
            "count": 1,
            "self": 3.2023258846602403,
            "children": {
                "TrainerControllerAAI._reset_env": {
                    "total": 3.649431817000732,
                    "count": 1,
                    "self": 3.649431817000732
                },
                "TrainerController.advance": {
                    "total": 188.35130359133473,
                    "count": 3090,
                    "self": 0.030287942034192383,
                    "children": {
                        "env_step": {
                            "total": 186.7124878646573,
                            "count": 3090,
                            "self": 181.48571266024373,
                            "children": {
                                "SubprocessEnvManager._take_step": {
                                    "total": 5.1901251754025,
                                    "count": 3090,
                                    "self": 0.06793097459012643,
                                    "children": {
                                        "NNPolicy.evaluate": {
                                            "total": 5.122194200812373,
                                            "count": 3090,
                                            "self": 5.122194200812373
                                        }
                                    }
                                },
                                "workers": {
                                    "total": 0.03665002901107073,
                                    "count": 3089,
                                    "self": 0.0,
                                    "children": {
                                        "worker_root": {
                                            "total": 201.14009250543313,
                                            "count": 3089,
                                            "is_parallel": true,
                                            "self": 23.565872028528247,
                                            "children": {
                                                "run_training.setup": {
                                                    "total": 0.0,
                                                    "count": 0,
                                                    "is_parallel": true,
                                                    "self": 0.0,
                                                    "children": {
                                                        "batched_step_result_from_proto": {
                                                            "total": 0.018545728991739452,
                                                            "count": 2,
                                                            "is_parallel": true,
                                                            "self": 0.0009485319023951888,
                                                            "children": {
                                                                "_process_visual_observation": {
                                                                    "total": 0.017132906068582088,
                                                                    "count": 2,
                                                                    "is_parallel": true,
                                                                    "self": 0.0001222920254804194,
                                                                    "children": {
                                                                        "observation_to_np_array": {
                                                                            "total": 0.01701061404310167,
                                                                            "count": 2,
                                                                            "is_parallel": true,
                                                                            "self": 0.00012283003889024258,
                                                                            "children": {
                                                                                "process_pixels": {
                                                                                    "total": 0.016887784004211426,
                                                                                    "count": 2,
                                                                                    "is_parallel": true,
                                                                                    "self": 0.0006686020060442388,
                                                                                    "children": {
                                                                                        "image_decompress": {
                                                                                            "total": 0.016219181998167187,
                                                                                            "count": 2,
                                                                                            "is_parallel": true,
                                                                                            "self": 0.016219181998167187
                                                                                        }
                                                                                    }
                                                                                }
                                                                            }
                                                                        }
                                                                    }
                                                                },
                                                                "_process_vector_observation": {
                                                                    "total": 0.0004642910207621753,
                                                                    "count": 2,
                                                                    "is_parallel": true,
                                                                    "self": 0.0004642910207621753
                                                                }
                                                            }
                                                        },
                                                        "UnityEnvironment.step": {
                                                            "total": 0.06469273299444467,
                                                            "count": 1,
                                                            "is_parallel": true,
                                                            "self": 0.00021000305423513055,
                                                            "children": {
                                                                "UnityEnvironment._generate_step_input": {
                                                                    "total": 0.0001977699575945735,
                                                                    "count": 1,
                                                                    "is_parallel": true,
                                                                    "self": 0.0001977699575945735
                                                                },