{"count":1,"gauges":{"AnimalAI.CumulativeReward":{"count":24167,"max":4.863,"min":-1.8840214,"value":0.8856668,"weightedAverage":0.8244666}},"self":3654.6297855999997,"total":11125.995066,"children":{"AgentSendState":{"count":830917,"self":38.8746976,"total":175.317611,"children":{"CollectObservations":{"count":2215880,"self":83.74439679999999,"total":83.744395,"children":null},"CollectDiscreteActionMasks":{"count":2215880,"self":8.160515199999999,"total":8.160515,"children":null},"AgentInfo.ToProto":{"count":2215880,"self":20.876376,"total":44.538004,"children":{"GenerateSensorData":{"count":2215880,"self":23.6616288,"total":23.661628,"children":null}}}}},"DecideAction":{"count":830917,"self":7274.0118527999994,"total":7274.011469,"children":null},"AgentAct":{"count":830917,"self":21.2032016,"total":21.204677999999998,"children":{"AgentInfo.ToProto":{"count":49,"self":0.000682,"total":0.0014759999999999999,"children":{"GenerateSensorData":{"count":49,"self":0.000794,"total":0.000794,"children":null}}}}},"AgentInfo.ToProto":{"count":24118,"self":0.37679599999999996,"total":0.83070099999999991,"children":{"GenerateSensorData":{"count":24118,"self":0.453905,"total":0.453905,"children":null}}}}}}}}}}