{"count":1,"gauges":{"AnimalAI.CumulativeReward":{"count":17008,"max":0.965666652,"min":-1.64401734,"value":0.7283341,"weightedAverage":0.7288297}},"self":2371.9245824,"total":11539.998812,"children":{"AgentSendState":{"count":482501,"self":22.652023999999997,"total":190.787469,"children":{"CollectObservations":{"count":1286792,"self":133.9596416,"total":133.959643,"children":null},"CollectDiscreteActionMasks":{"count":1286792,"self":4.1484831999999994,"total":4.148483,"children":null},"AgentInfo.ToProto":{"count":1286792,"self":11.2786144,"total":30.027319,"children":{"GenerateSensorData":{"count":1286792,"self":18.748705599999997,"total":18.748704999999998,"children":null}}}}},"DecideAction":{"count":482501,"self":8956.645376,"total":8956.645263,"children":null},"AgentAct":{"count":482501,"self":19.8689792,"total":19.898502,"children":{"AgentInfo.ToProto":{"count":729,"self":0.009228,"total":0.029522999999999997,"children":{"GenerateSensorData":{"count":729,"self":0.020295,"total":0.020295,"children":null}}}}},"AgentInfo.ToProto":{"count":16279,"self":0.309089,"total":0.740996,"children":{"GenerateSensorData":{"count":16279,"self":0.431907,"total":0.431907,"children":null}}}}}.635614,"total":0.635614,"children":null}}}}}