{"count":1,"gauges":{"AnimalAI.CumulativeReward":{"count":19454,"max":0.997666657,"min":-1.86402106,"value":-1.00000644,"weightedAverage":0.06863351}},"self":4432.8939519999994,"total":21314.659774,"children":{"AgentSendState":{"count":850834,"self":40.139833599999996,"total":357.634263,"children":{"CollectObservations":{"count":2269024,"self":258.93145599999997,"total":258.931466,"children":null},"CollectDiscreteActionMasks":{"count":2269024,"self":7.429696,"total":7.429696,"children":null},"AgentInfo.ToProto":{"count":2269024,"self":19.9928112,"total":51.133266,"children":{"GenerateSensorData":{"count":2269024,"self":31.1404544,"total":31.140455,"children":null}}}}},"DecideAction":{"count":850834,"self":16402.0338688,"total":16402.034133,"children":null},"AgentAct":{"count":850834,"self":121.2236032,"total":121.40175699999999,"children":{"AgentInfo.ToProto":{"count":3935,"self":0.060419999999999995,"total":0.178152,"children":{"GenerateSensorData":{"count":3935,"self":0.11773199999999999,"total":0.11773199999999999,"children":null}}}}},"AgentInfo.ToProto":{"count":15519,"self":0.27752899999999997,"total":0.694091,"children":{"GenerateSensorData":{"count":15519,"self":0.416562,"total":0.416562,"children":null}}}}}