{"count":1,"gauges":{"AnimalAI.CumulativeReward":{"count":35585,"max":0.971,"min":-2.037354,"value":0.7883338,"weightedAverage":0.771823764}},"self":4140.4932096,"total":21127.209208,"children":{"AgentSendState":{"count":853334,"self":38.9072896,"total":342.32201399999997,"children":{"CollectObservations":{"count":2275664,"self":243.54672639999998,"total":243.546733,"children":null},"CollectDiscreteActionMasks":{"count":2275664,"self":7.2376119999999995,"total":7.2376119999999995,"children":null},"AgentInfo.ToProto":{"count":2275664,"self":20.2505888,"total":52.630379,"children":{"GenerateSensorData":{"count":2275664,"self":32.379792,"total":32.379791,"children":null}}}}},"DecideAction":{"count":853334,"self":16611.9849984,"total":16611.985383,"children":null},"AgentAct":{"count":853334,"self":30.7827456,"total":30.794383999999997,"children":{"AgentInfo.ToProto":{"count":298,"self":0.003573,"total":0.011637999999999999,"children":{"GenerateSensorData":{"count":298,"self":0.008065,"total":0.008065,"children":null}}}}},"AgentInfo.ToProto":{"count":35287,"self":0.654539,"total":1.612712,"children":{"GenerateSensorData":{"count":35287,"self":0.95817299999999994,"total":0.95817299999999994,"children":null}}}}}