{"count":1,"gauges":{"AnimalAI.CumulativeReward":{"count":25554,"max":0.9936667,"min":-1.88002133,"value":0.885666668,"weightedAverage":0.768440366}},"self":4190.9489664,"total":20552.558833,"children":{"AgentSendState":{"count":852334,"self":38.5792256,"total":339.340125,"children":{"CollectObservations":{"count":2273008,"self":242.99763199999998,"total":242.997625,"children":null},"CollectDiscreteActionMasks":{"count":2273008,"self":7.2921248,"total":7.2921249999999995,"children":null},"AgentInfo.ToProto":{"count":2273008,"self":19.7657536,"total":50.471151,"children":{"GenerateSensorData":{"count":2273008,"self":30.7053984,"total":30.705398,"children":null}}}}},"DecideAction":{"count":852334,"self":15971.308339199999,"total":15971.308378,"children":null},"AgentAct":{"count":852334,"self":49.8333632,"total":49.959156,"children":{"AgentInfo.ToProto":{"count":3154,"self":0.043297999999999996,"total":0.125794,"children":{"GenerateSensorData":{"count":3154,"self":0.082496,"total":0.082496,"children":null}}}}},"AgentInfo.ToProto":{"count":22400,"self":0.397151,"total":1.0005249999999999,"children":{"GenerateSensorData":{"count":22400,"self":0.603374,"total":0.603374,"children":null}}}}}