{"count":1,"gauges":{"AnimalAI.CumulativeReward":{"count":25668,"max":0.973666668,"min":-1.98668981,"value":0.695001,"weightedAverage":0.75852716}},"self":3045.0905088,"total":14050.044007999999,"children":{"AgentSendState":{"count":608084,"self":28.6317408,"total":237.808866,"children":{"CollectObservations":{"count":1621672,"self":166.26561279999999,"total":166.26560899999998,"children":null},"CollectDiscreteActionMasks":{"count":1621672,"self":5.2720639999999994,"total":5.2720639999999994,"children":null},"AgentInfo.ToProto":{"count":1621672,"self":14.372956799999999,"total":37.639452999999996,"children":{"GenerateSensorData":{"count":1621672,"self":23.266497599999997,"total":23.266496999999998,"children":null}}}}},"DecideAction":{"count":608084,"self":10740.667187199999,"total":10740.667511,"children":null},"AgentAct":{"count":608084,"self":25.283262399999998,"total":25.317767,"children":{"AgentInfo.ToProto":{"count":723,"self":0.009999,"total":0.034504,"children":{"GenerateSensorData":{"count":723,"self":0.024505,"total":0.024505,"children":null}}}}},"AgentInfo.ToProto":{"count":24945,"self":0.49613199999999996,"total":1.1576199999999999,"children":{"GenerateSensorData":{"count":24945,"self":0.661488,"total":0.661488,"children":null}}}}}