{"count":1,"gauges":{"AnimalAI.CumulativeReward":{"count":3231,"max":4.85899973,"min":-1.91468859,"value":0.7870005,"weightedAverage":0.73989296}},"self":29.573446399999998,"total":1480.807685,"children":{"AgentSendState":{"count":59834,"self":1.98338,"total":767.988118,"children":{"CollectObservations":{"count":160088,"self":0.514983,"total":0.514983,"children":null},"CollectDiscreteActionMasks":{"count":160088,"self":0.29558599999999996,"total":0.29558599999999996,"children":null},"AgentInfo.ToProto":{"count":160088,"self":1.124212,"total":765.194169,"children":{"GenerateSensorData":{"count":160088,"self":4.7783912,"total":764.06995699999993,"children":{"CameraSensor.GetCompressedObservation":{"count":160088,"self":759.2915456,"total":759.291566,"children":null}}}}}}},"DecideAction":{"count":59834,"self":665.3220352,"total":665.322038,"children":null},"AgentAct":{"count":59834,"self":1.053251,"total":1.738737,"children":{"AgentInfo.ToProto":{"count":125,"self":0.001045,"total":0.68548599999999993,"children":{"GenerateSensorData":{"count":125,"self":0.002659,"total":0.684441,"children":{"CameraSensor.GetCompressedObservation":{"count":125,"self":0.681782,"total":0.681782,"children":null}}}}}}},"AgentInfo.ToProto":{"count":3106,"self":0.031014,"total":16.184531,"children":{"GenerateSensorData":{"count":3106,"self":0.11036599999999999,"total":16.153517,"children":{"CameraSensor.GetCompressedObservation":{"count":3106,"self":16.0431504,"total":16.043150999999998,"children":null}}}}}}}n":null}}}}}}}