{"count":1,"gauges":{"AnimalAI.CumulativeReward":{"count":17622,"max":0.9301111,"min":-13.9280243,"value":-4.38888264,"weightedAverage":-2.24352074}},"self":73119.0657024,"total":208207.982857,"children":{"AgentSendState":{"count":8791030,"self":92.499743999999993,"total":99869.275081,"children":{"CollectObservations":{"count":2930346,"self":12.560203999999999,"total":12.560203999999999,"children":null},"CollectDiscreteActionMasks":{"count":2930346,"self":6.5152139999999994,"total":6.5152139999999994,"children":null},"AgentInfo.ToProto":{"count":2930346,"self":33.4731072,"total":99757.699922,"children":{"GenerateSensorData":{"count":2930346,"self":120.74150399999999,"total":99724.226815,"children":{"CameraSensor.GetCompressedObservation":{"count":2930346,"self":99603.487129599991,"total":99603.485315999991,"children":null}}}}}}},"DecideAction":{"count":8791030,"self":34845.622272,"total":34845.622698,"children":null},"AgentAct":{"count":8791030,"self":94.6453312,"total":185.02034799999998,"children":{"AgentInfo.ToProto":{"count":5506,"self":0.052807,"total":90.375019,"children":{"GenerateSensorData":{"count":5506,"self":0.2216,"total":90.322212,"children":{"CameraSensor.GetCompressedObservation":{"count":5506,"self":90.1006144,"total":90.100612,"children":null}}}}}}},"AgentInfo.ToProto":{"count":12116,"self":0.12783899999999998,"total":188.99974999999998,"children":{"GenerateSensorData":{"count":12116,"self":0.42030399999999996,"total":188.87191099999998,"children":{"CameraSensor.GetCompressedObservation":{"count":12116,"self":188.45160959999998,"total":188.451607,"children":null}}}}}}}