{"count":1,"gauges":{"AnimalAI.CumulativeReward":{"count":6952,"max":0.999,"min":-1.96002269,"value":0.7296674,"weightedAverage":0.7336389}},"self":135.73169919999998,"total":4580.136151,"children":{"AgentSendState":{"count":265334,"self":8.0606792,"total":3032.83761,"children":{"CollectObservations":{"count":708096,"self":2.1864589999999997,"total":2.1864589999999997,"children":null},"CollectDiscreteActionMasks":{"count":708096,"self":1.225695,"total":1.225695,"children":null},"AgentInfo.ToProto":{"count":708096,"self":4.7152952,"total":3021.364777,"children":{"GenerateSensorData":{"count":708096,"self":20.1440032,"total":3016.649482,"children":{"CameraSensor.GetCompressedObservation":{"count":708096,"self":2996.5053952,"total":2996.505478,"children":null}}}}}}},"DecideAction":{"count":265334,"self":1371.9178239999999,"total":1371.917792,"children":null},"AgentAct":{"count":265334,"self":5.1895128,"total":11.312424,"children":{"AgentInfo.ToProto":{"count":1304,"self":0.011439,"total":6.1229109999999993,"children":{"GenerateSensorData":{"count":1304,"self":0.053793999999999995,"total":6.111472,"children":{"CameraSensor.GetCompressedObservation":{"count":1304,"self":6.057678,"total":6.057678,"children":null}}}}}}},"AgentInfo.ToProto":{"count":5648,"self":0.057898,"total":28.335818999999997,"children":{"GenerateSensorData":{"count":5648,"self":0.186656,"total":28.277921,"children":{"CameraSensor.GetCompressedObservation":{"count":5648,"self":28.091264,"total":28.091265,"children":null}}}}}}}1094399999998,"total":20.831094,"children":null}}}}}}}