{"count":1,"gauges":{"AnimalAI.CumulativeReward":{"count":2109,"max":0.943,"min":-1.30534494,"value":0.8043337,"weightedAverage":0.807417}},"self":24.514897599999998,"total":1189.7604979999999,"children":{"AgentSendState":{"count":44334,"self":1.767332,"total":651.54465399999992,"children":{"CollectObservations":{"count":118496,"self":0.54013899999999992,"total":0.54013899999999992,"children":null},"CollectDiscreteActionMasks":{"count":118496,"self":0.222629,"total":0.222629,"children":null},"AgentInfo.ToProto":{"count":118496,"self":1.070055,"total":649.014554,"children":{"GenerateSensorData":{"count":118496,"self":4.3375448,"total":647.944499,"children":{"CameraSensor.GetCompressedObservation":{"count":118496,"self":643.60693759999992,"total":643.606954,"children":null}}}}}}},"DecideAction":{"count":44334,"self":500.8989696,"total":500.898965,"children":null},"AgentAct":{"count":44334,"self":0.833004,"total":1.750494,"children":{"AgentInfo.ToProto":{"count":143,"self":0.001459,"total":0.91748999999999992,"children":{"GenerateSensorData":{"count":143,"self":0.0072819999999999994,"total":0.91603099999999993,"children":{"CameraSensor.GetCompressedObservation":{"count":143,"self":0.90874899999999992,"total":0.90874899999999992,"children":null}}}}}}},"AgentInfo.ToProto":{"count":1966,"self":0.022136,"total":11.050685999999999,"children":{"GenerateSensorData":{"count":1966,"self":0.09025,"total":11.02855,"children":{"CameraSensor.GetCompressedObservation":{"count":1966,"self":10.9383,"total":10.9383,"children":null}}}}}}}