{"count":1,"gauges":{"AnimalAI.CumulativeReward":{"count":3344,"max":4.86033344,"min":-1.1160084,"value":0.737667441,"weightedAverage":0.65178895}},"self":30.721763199999998,"total":1514.908391,"children":{"AgentSendState":{"count":61917,"self":2.0807949999999997,"total":806.826659,"children":{"CollectObservations":{"count":165688,"self":0.552594,"total":0.552594,"children":null},"CollectDiscreteActionMasks":{"count":165688,"self":0.29816699999999996,"total":0.29816699999999996,"children":null},"AgentInfo.ToProto":{"count":165688,"self":1.181358,"total":803.895103,"children":{"GenerateSensorData":{"count":165688,"self":4.487258,"total":802.713745,"children":{"CameraSensor.GetCompressedObservation":{"count":165688,"self":798.2264832,"total":798.226487,"children":null}}}}}}},"DecideAction":{"count":61917,"self":659.340032,"total":659.34004299999992,"children":null},"AgentAct":{"count":61917,"self":1.0666689999999999,"total":1.874401,"children":{"AgentInfo.ToProto":{"count":137,"self":0.001225,"total":0.807732,"children":{"GenerateSensorData":{"count":137,"self":0.003502,"total":0.806507,"children":{"CameraSensor.GetCompressedObservation":{"count":137,"self":0.803005,"total":0.803005,"children":null}}}}}}},"AgentInfo.ToProto":{"count":3207,"self":0.035542,"total":16.144703,"children":{"GenerateSensorData":{"count":3207,"self":0.102904,"total":16.109161,"children":{"CameraSensor.GetCompressedObservation":{"count":3207,"self":16.006257599999998,"total":16.006256999999998,"children":null}}}}}}}2658,"children":null}}}}}}}