{"count":1,"gauges":{"AnimalAI.CumulativeReward":{"count":2676,"max":0.941666663,"min":-1.38534629,"value":0.8070004,"weightedAverage":0.807857156}},"self":28.776774399999997,"total":1456.200003,"children":{"AgentSendState":{"count":54084,"self":2.142315,"total":782.01078799999993,"children":{"CollectObservations":{"count":144512,"self":0.59194499999999994,"total":0.59194499999999994,"children":null},"CollectDiscreteActionMasks":{"count":144512,"self":0.276542,"total":0.276542,"children":null},"AgentInfo.ToProto":{"count":144512,"self":1.2426869999999999,"total":778.99998599999992,"children":{"GenerateSensorData":{"count":144512,"self":5.301934,"total":777.757299,"children":{"CameraSensor.GetCompressedObservation":{"count":144512,"self":772.4553728,"total":772.45536499999992,"children":null}}}}}}},"DecideAction":{"count":54084,"self":629.8763776,"total":629.876364,"children":null},"AgentAct":{"count":54084,"self":1.0334459999999999,"total":1.845605,"children":{"AgentInfo.ToProto":{"count":153,"self":0.001429,"total":0.812159,"children":{"GenerateSensorData":{"count":153,"self":0.005697,"total":0.81073,"children":{"CameraSensor.GetCompressedObservation":{"count":153,"self":0.805033,"total":0.805033,"children":null}}}}}}},"AgentInfo.ToProto":{"count":2523,"self":0.028818999999999997,"total":13.689567,"children":{"GenerateSensorData":{"count":2523,"self":0.098097999999999991,"total":13.660748,"children":{"CameraSensor.GetCompressedObservation":{"count":2523,"self":13.562649599999999,"total":13.56265,"children":null}}}}}}}ll}}}}}}}