{"count":1,"gauges":{"AnimalAI.CumulativeReward":{"count":9220,"max":0.999,"min":-1.92135537,"value":0.7750006,"weightedAverage":0.7781225}},"self":155.2771712,"total":5416.889161,"children":{"AgentSendState":{"count":273001,"self":10.0003232,"total":3620.452442,"children":{"CollectObservations":{"count":728544,"self":2.8468419999999997,"total":2.8468419999999997,"children":null},"CollectDiscreteActionMasks":{"count":728544,"self":1.3249149999999998,"total":1.3249149999999998,"children":null},"AgentInfo.ToProto":{"count":728544,"self":5.5702511999999995,"total":3606.280362,"children":{"GenerateSensorData":{"count":728544,"self":25.6845696,"total":3600.710111,"children":{"CameraSensor.GetCompressedObservation":{"count":728544,"self":3575.025664,"total":3575.025541,"children":null}}}}}}},"DecideAction":{"count":273001,"self":1582.9229567999998,"total":1582.922965,"children":null},"AgentAct":{"count":273001,"self":5.4881259999999994,"total":10.588498,"children":{"AgentInfo.ToProto":{"count":893,"self":0.008765,"total":5.100372,"children":{"GenerateSensorData":{"count":893,"self":0.045649999999999996,"total":5.091607,"children":{"CameraSensor.GetCompressedObservation":{"count":893,"self":5.0459568,"total":5.045957,"children":null}}}}}}},"AgentInfo.ToProto":{"count":8327,"self":0.097214,"total":47.646968,"children":{"GenerateSensorData":{"count":8327,"self":0.42915699999999996,"total":47.549754,"children":{"CameraSensor.GetCompressedObservation":{"count":8327,"self":47.1205984,"total":47.120597,"children":null}}}}}}}