{"count":1,"gauges":{"AnimalAI.CumulativeReward":{"count":2,"max":0.660669148,"min":-1,"value":0.660669148,"weightedAverage":-0.5848327}},"self":0.275574,"total":1.04209,"children":{"AgentSendState":{"count":84,"self":0.0045769999999999995,"total":0.739806,"children":{"CollectObservations":{"count":224,"self":0.00093399999999999993,"total":0.00093399999999999993,"children":null},"CollectDiscreteActionMasks":{"count":224,"self":0.000289,"total":0.000289,"children":null},"AgentInfo.ToProto":{"count":224,"self":0.001426,"total":0.73400599999999994,"children":{"GenerateSensorData":{"count":224,"self":0.0065119999999999996,"total":0.73258,"children":{"CameraSensor.GetCompressedObservation":{"count":224,"self":0.72606799999999994,"total":0.72606799999999994,"children":null}}}}}}},"DecideAction":{"count":84,"self":0.016738,"total":0.016738,"children":null},"AgentAct":{"count":84,"self":0.001624,"total":0.001624,"children":null},"AgentInfo.ToProto":{"count":2,"self":1.6E-05,"total":0.0074839999999999993,"children":{"GenerateSensorData":{"count":2,"self":2.9E-05,"total":0.007468,"children":{"CameraSensor.GetCompressedObservation":{"count":2,"self":0.0074389999999999994,"total":0.0074389999999999994,"children":null}}}}}}}