{"count":1,"gauges":{"AnimalAI.CumulativeReward":{"count":22895,"max":0.9936667,"min":-2.58798075,"value":0.7936671,"weightedAverage":0.688048244}},"self":4303.7868032,"total":21262.541435,"children":{"AgentSendState":{"count":855001,"self":40.354579199999996,"total":651.64128099999994,"children":{"CollectObservations":{"count":2280120,"self":530.0820992,"total":530.082123,"children":null},"CollectDiscreteActionMasks":{"count":2280120,"self":7.2074928,"total":7.2074929999999995,"children":null},"AgentInfo.ToProto":{"count":2280120,"self":20.475528,"total":73.997086,"children":{"GenerateSensorData":{"count":2280120,"self":53.521558399999996,"total":53.521558,"children":null}}}}},"DecideAction":{"count":855001,"self":16237.825228799999,"total":16237.82525,"children":null},"AgentAct":{"count":855001,"self":67.991295999999991,"total":68.190977,"children":{"AgentInfo.ToProto":{"count":3467,"self":0.048984,"total":0.19968,"children":{"GenerateSensorData":{"count":3467,"self":0.150696,"total":0.150696,"children":null}}}}},"AgentInfo.ToProto":{"count":19428,"self":0.347619,"total":1.095582,"children":{"GenerateSensorData":{"count":19428,"self":0.74796299999999993,"total":0.74796299999999993,"children":null}}}}}