{"count":1,"gauges":{"AnimalAI.CumulativeReward":{"count":7600,"max":0.9763333,"min":-1.98267281,"value":-1.00000644,"weightedAverage":-1.06626189}},"self":1638.0908544,"total":7617.2382199999993,"children":{"AgentSendState":{"count":426251,"self":15.418790399999999,"total":242.888739,"children":{"CollectObservations":{"count":1136824,"self":196.1645184,"total":196.164524,"children":null},"CollectDiscreteActionMasks":{"count":1136824,"self":2.9333489999999998,"total":2.9333489999999998,"children":null},"AgentInfo.ToProto":{"count":1136824,"self":7.870512,"total":28.372075,"children":{"GenerateSensorData":{"count":1136824,"self":20.5015632,"total":20.501562999999997,"children":null}}}}},"DecideAction":{"count":426251,"self":5702.361088,"total":5702.360925,"children":null},"AgentAct":{"count":426251,"self":33.5836,"total":33.715948,"children":{"AgentInfo.ToProto":{"count":3399,"self":0.035974,"total":0.132347,"children":{"GenerateSensorData":{"count":3399,"self":0.096373,"total":0.096373,"children":null}}}}},"AgentInfo.ToProto":{"count":4201,"self":0.053649999999999996,"total":0.180386,"children":{"GenerateSensorData":{"count":4201,"self":0.126736,"total":0.126736,"children":null}}}}}f":0.12684499999999999,"total":0.12684499999999999,"children":null}}}}}