{"count":1,"gauges":{"AnimalAI.CumulativeReward":{"count":12,"max":0.901666641,"min":-1.00000644,"value":-1.00000644,"weightedAverage":-0.336853832}},"self":1.8650909999999998,"total":19.694893999999998,"children":{"AgentSendState":{"count":6084,"self":0.032514999999999995,"total":4.575949,"children":{"CollectObservations":{"count":2029,"self":0.0047209999999999995,"total":0.0047209999999999995,"children":null},"CollectDiscreteActionMasks":{"count":2029,"self":0.0026089999999999998,"total":0.0026089999999999998,"children":null},"AgentInfo.ToProto":{"count":2029,"self":0.012232999999999999,"total":4.536104,"children":{"GenerateSensorData":{"count":2029,"self":0.030501999999999998,"total":4.523871,"children":{"CameraSensor.GetCompressedObservation":{"count":2029,"self":4.4933688,"total":4.4933689999999995,"children":null}}}}}}},"DecideAction":{"count":6084,"self":13.1990568,"total":13.199057,"children":null},"AgentAct":{"count":6084,"self":0.030971,"total":0.044488,"children":{"AgentInfo.ToProto":{"count":7,"self":4.2E-05,"total":0.013517,"children":{"GenerateSensorData":{"count":7,"self":0.000104,"total":0.013474999999999999,"children":{"CameraSensor.GetCompressedObservation":{"count":7,"self":0.013371,"total":0.013371,"children":null}}}}}}},"AgentInfo.ToProto":{"count":5,"self":3.6E-05,"total":0.0094399999999999987,"children":{"GenerateSensorData":{"count":5,"self":7.9E-05,"total":0.009404,"children":{"CameraSensor.GetCompressedObservation":{"count":5,"self":0.009325,"total":0.009325,"children":null}}}}}}}