{"count":1,"gauges":{"AnimalAI.CumulativeReward":{"count":7095,"max":0.999,"min":-1.98668981,"value":0.805667043,"weightedAverage":0.7812558}},"self":128.8790144,"total":4602.157131,"children":{"AgentSendState":{"count":269251,"self":9.0209832,"total":2096.740257,"children":{"CollectObservations":{"count":718216,"self":2.275477,"total":2.275477,"children":null},"CollectDiscreteActionMasks":{"count":718216,"self":1.317291,"total":1.317291,"children":null},"AgentInfo.ToProto":{"count":718216,"self":5.0886528,"total":2084.126506,"children":{"GenerateSensorData":{"count":718216,"self":22.6540352,"total":2079.037853,"children":{"CameraSensor.GetCompressedObservation":{"count":718216,"self":2056.3838975999997,"total":2056.383818,"children":null}}}}}}},"DecideAction":{"count":269251,"self":2347.167744,"total":2347.167809,"children":null},"AgentAct":{"count":269251,"self":5.1965112,"total":9.443932,"children":{"AgentInfo.ToProto":{"count":1271,"self":0.011616,"total":4.247421,"children":{"GenerateSensorData":{"count":1271,"self":0.045760999999999996,"total":4.235805,"children":{"CameraSensor.GetCompressedObservation":{"count":1271,"self":4.1900439999999994,"total":4.1900439999999994,"children":null}}}}}}},"AgentInfo.ToProto":{"count":5824,"self":0.059369,"total":19.925302,"children":{"GenerateSensorData":{"count":5824,"self":0.22125999999999998,"total":19.865933,"children":{"CameraSensor.GetCompressedObservation":{"count":5824,"self":19.6446736,"total":19.644672999999997,"children":null}}}}}}}