{"count":1,"gauges":{"AnimalAI.CumulativeReward":{"count":6771,"max":0.999,"min":-1.06134081,"value":0.621668041,"weightedAverage":0.625032}},"self":117.4147328,"total":3397.0560229999996,"children":{"AgentSendState":{"count":261417,"self":7.7380368,"total":1889.369493,"children":{"CollectObservations":{"count":697176,"self":2.042697,"total":2.042697,"children":null},"CollectDiscreteActionMasks":{"count":697176,"self":1.1781009999999998,"total":1.1781009999999998,"children":null},"AgentInfo.ToProto":{"count":697176,"self":4.2420599999999995,"total":1878.410658,"children":{"GenerateSensorData":{"count":697176,"self":19.531862399999998,"total":1874.168598,"children":{"CameraSensor.GetCompressedObservation":{"count":697176,"self":1854.6366464,"total":1854.636736,"children":null}}}}}}},"DecideAction":{"count":261417,"self":1364.0972288,"total":1364.097258,"children":null},"AgentAct":{"count":261417,"self":4.3031568,"total":5.9974359999999995,"children":{"AgentInfo.ToProto":{"count":531,"self":0.004432,"total":1.6942789999999999,"children":{"GenerateSensorData":{"count":531,"self":0.015923,"total":1.6898469999999999,"children":{"CameraSensor.GetCompressedObservation":{"count":531,"self":1.673924,"total":1.673924,"children":null}}}}}}},"AgentInfo.ToProto":{"count":6240,"self":0.060482999999999995,"total":20.176277,"children":{"GenerateSensorData":{"count":6240,"self":0.21864999999999998,"total":20.115793999999998,"children":{"CameraSensor.GetCompressedObservation":{"count":6240,"self":19.897144,"total":19.897144,"children":null}}}}}}}