{"count":1,"gauges":{"AnimalAI.CumulativeReward":{"count":39697,"max":0.999,"min":-1.75735259,"value":0.7870005,"weightedAverage":0.7842706}},"self":427.7997312,"total":15326.222001,"children":{"AgentSendState":{"count":860167,"self":27.8383136,"total":6660.165513,"children":{"CollectObservations":{"count":2294048,"self":7.2336912,"total":7.2336909999999994,"children":null},"CollectDiscreteActionMasks":{"count":2294048,"self":4.05662,"total":4.05662,"children":null},"AgentInfo.ToProto":{"count":2294048,"self":15.815129599999999,"total":6621.036888,"children":{"GenerateSensorData":{"count":2294048,"self":68.7078208,"total":6605.221758,"children":{"CameraSensor.GetCompressedObservation":{"count":2294048,"self":6536.5139456,"total":6536.513938,"children":null}}}}}}},"DecideAction":{"count":860167,"self":8086.577152,"total":8086.5771129999994,"children":null},"AgentAct":{"count":860167,"self":14.762188799999999,"total":16.171796999999998,"children":{"AgentInfo.ToProto":{"count":414,"self":0.003728,"total":1.409609,"children":{"GenerateSensorData":{"count":414,"self":0.016283,"total":1.405881,"children":{"CameraSensor.GetCompressedObservation":{"count":414,"self":1.3895979999999999,"total":1.3895979999999999,"children":null}}}}}}},"AgentInfo.ToProto":{"count":39283,"self":0.402213,"total":135.507068,"children":{"GenerateSensorData":{"count":39283,"self":1.6440299999999999,"total":135.104855,"children":{"CameraSensor.GetCompressedObservation":{"count":39283,"self":133.4608256,"total":133.460825,"children":null}}}}}}}