{"count":1,"gauges":{"AnimalAI.CumulativeReward":{"count":20559,"max":0.9576667,"min":-1.92668879,"value":0.715000868,"weightedAverage":0.7229223}},"self":2222.096384,"total":30171.040073,"children":{"AgentSendState":{"count":542167,"self":28.332153599999998,"total":13015.267318,"children":{"CollectObservations":{"count":1445880,"self":7.2956248,"total":7.2956249999999994,"children":null},"CollectDiscreteActionMasks":{"count":1445880,"self":4.9888688,"total":4.9888689999999993,"children":null},"AgentInfo.ToProto":{"count":1445880,"self":14.892780799999999,"total":12974.650671,"children":{"GenerateSensorData":{"count":1445880,"self":70.5562752,"total":12959.757891,"children":{"CameraSensor.GetCompressedObservation":{"count":1445880,"self":12889.201868799999,"total":12889.201616999999,"children":null}}}}}}},"DecideAction":{"count":542167,"self":14598.1341696,"total":14598.134710999999,"children":null},"AgentAct":{"count":542167,"self":15.198742399999999,"total":15.859793,"children":{"AgentInfo.ToProto":{"count":45,"self":0.000612,"total":0.66104999999999992,"children":{"GenerateSensorData":{"count":45,"self":0.0069869999999999993,"total":0.660438,"children":{"CameraSensor.GetCompressedObservation":{"count":45,"self":0.653451,"total":0.653451,"children":null}}}}}}},"AgentInfo.ToProto":{"count":20514,"self":0.322847,"total":319.68097,"children":{"GenerateSensorData":{"count":20514,"self":1.120242,"total":319.358123,"children":{"CameraSensor.GetCompressedObservation":{"count":20514,"self":318.23787519999996,"total":318.23788099999996,"children":null}}}}}}}