{"count":1,"gauges":{"AnimalAI.CumulativeReward":{"count":3114,"max":4.86166668,"min":-1.10800827,"value":0.873666644,"weightedAverage":0.8703108}},"self":33.764547199999996,"total":4675.348264,"children":{"AgentSendState":{"count":49751,"self":2.569644,"total":2311.084806,"children":{"CollectObservations":{"count":133152,"self":0.771096,"total":0.771096,"children":null},"CollectDiscreteActionMasks":{"count":133152,"self":0.303147,"total":0.303147,"children":null},"AgentInfo.ToProto":{"count":133152,"self":1.536538,"total":2307.440919,"children":{"GenerateSensorData":{"count":133152,"self":8.4724488,"total":2305.904381,"children":{"CameraSensor.GetCompressedObservation":{"count":133152,"self":2297.4318592,"total":2297.431932,"children":null}}}}}}},"DecideAction":{"count":49751,"self":2281.03168,"total":2281.031774,"children":null},"AgentAct":{"count":49751,"self":1.011061,"total":2.1892069999999997,"children":{"AgentInfo.ToProto":{"count":74,"self":0.00089,"total":1.178146,"children":{"GenerateSensorData":{"count":74,"self":0.004423,"total":1.1772559999999999,"children":{"CameraSensor.GetCompressedObservation":{"count":74,"self":1.172833,"total":1.172833,"children":null}}}}}}},"AgentInfo.ToProto":{"count":3040,"self":0.042766,"total":47.276191999999995,"children":{"GenerateSensorData":{"count":3040,"self":0.165038,"total":47.233425999999994,"children":{"CameraSensor.GetCompressedObservation":{"count":3040,"self":47.0683872,"total":47.068388,"children":null}}}}}}}en":null}}}}}}}en":null}}}}}}}