{"count":1,"gauges":{"AnimalAI.CumulativeReward":{"count":3868,"max":0.999,"min":-1.94668913,"value":0.783000469,"weightedAverage":0.785379946}},"self":48.1300704,"total":1662.5867739999999,"children":{"AgentSendState":{"count":98084,"self":3.15137,"total":766.43446899999992,"children":{"CollectObservations":{"count":261824,"self":0.85375099999999993,"total":0.85375099999999993,"children":null},"CollectDiscreteActionMasks":{"count":261824,"self":0.46473,"total":0.46473,"children":null},"AgentInfo.ToProto":{"count":261824,"self":1.725965,"total":761.964618,"children":{"GenerateSensorData":{"count":261824,"self":7.6762359999999994,"total":760.238653,"children":{"CameraSensor.GetCompressedObservation":{"count":261824,"self":752.562432,"total":752.562417,"children":null}}}}}}},"DecideAction":{"count":98084,"self":833.24328959999991,"total":833.24331,"children":null},"AgentAct":{"count":98084,"self":1.6408829999999999,"total":2.178168,"children":{"AgentInfo.ToProto":{"count":166,"self":0.001375,"total":0.537285,"children":{"GenerateSensorData":{"count":166,"self":0.0054789999999999995,"total":0.53591,"children":{"CameraSensor.GetCompressedObservation":{"count":166,"self":0.530431,"total":0.530431,"children":null}}}}}}},"AgentInfo.ToProto":{"count":3702,"self":0.035421999999999995,"total":12.599934,"children":{"GenerateSensorData":{"count":3702,"self":0.13075499999999998,"total":12.564511999999999,"children":{"CameraSensor.GetCompressedObservation":{"count":3702,"self":12.4337568,"total":12.433757,"children":null}}}}}}}