{"count":1,"gauges":{"AnimalAI.CumulativeReward":{"count":1057,"max":0.963,"min":-1.00133979,"value":-1.00000644,"weightedAverage":0.211037844}},"self":702.10304,"total":1782.105949,"children":{"AgentSendState":{"count":240334,"self":2.1632379999999998,"total":549.313239,"children":{"CollectObservations":{"count":80115,"self":0.333041,"total":0.333041,"children":null},"CollectDiscreteActionMasks":{"count":80115,"self":0.239286,"total":0.239286,"children":null},"AgentInfo.ToProto":{"count":80115,"self":0.749742,"total":546.577674,"children":{"GenerateSensorData":{"count":80115,"self":2.4745399999999997,"total":545.82793199999992,"children":{"CameraSensor.GetCompressedObservation":{"count":80115,"self":543.3533952,"total":543.353392,"children":null}}}}}}},"DecideAction":{"count":240334,"self":521.6262656,"total":521.626278,"children":null},"AgentAct":{"count":240334,"self":1.957271,"total":3.236032,"children":{"AgentInfo.ToProto":{"count":183,"self":0.001655,"total":1.278761,"children":{"GenerateSensorData":{"count":183,"self":0.004332,"total":1.2771059999999999,"children":{"CameraSensor.GetCompressedObservation":{"count":183,"self":1.2727739999999998,"total":1.2727739999999998,"children":null}}}}}}},"AgentInfo.ToProto":{"count":874,"self":0.010673,"total":5.826515,"children":{"GenerateSensorData":{"count":874,"self":0.026073,"total":5.815842,"children":{"CameraSensor.GetCompressedObservation":{"count":874,"self":5.7897688,"total":5.789769,"children":null}}}}}}}