{"count":1,"gauges":{"AnimalAI.CumulativeReward":{"count":15007,"max":0.964333355,"min":-1.13200867,"value":0.6576679,"weightedAverage":0.6639091}},"self":212.84192,"total":8292.73086,"children":{"AgentSendState":{"count":473584,"self":15.436420799999999,"total":3637.4059089999996,"children":{"CollectObservations":{"count":1263000,"self":4.0838272,"total":4.0838269999999994,"children":null},"CollectDiscreteActionMasks":{"count":1263000,"self":2.2465029999999997,"total":2.2465029999999997,"children":null},"AgentInfo.ToProto":{"count":1263000,"self":8.635752,"total":3615.639158,"children":{"GenerateSensorData":{"count":1263000,"self":35.5527744,"total":3607.003406,"children":{"CameraSensor.GetCompressedObservation":{"count":1263000,"self":3571.4506751999998,"total":3571.45063,"children":null}}}}}}},"DecideAction":{"count":473584,"self":4383.0480896,"total":4383.048013,"children":null},"AgentAct":{"count":473584,"self":7.6007951999999994,"total":7.749897,"children":{"AgentInfo.ToProto":{"count":49,"self":0.00041299999999999996,"total":0.14910199999999998,"children":{"GenerateSensorData":{"count":49,"self":0.001003,"total":0.148689,"children":{"CameraSensor.GetCompressedObservation":{"count":49,"self":0.14768599999999998,"total":0.14768599999999998,"children":null}}}}}}},"AgentInfo.ToProto":{"count":14958,"self":0.150353,"total":51.684321,"children":{"GenerateSensorData":{"count":14958,"self":0.698723,"total":51.533967999999994,"children":{"CameraSensor.GetCompressedObservation":{"count":14958,"self":50.8352448,"total":50.835245,"children":null}}}}}}}