{"count":1,"gauges":{"AnimalAI.CumulativeReward":{"count":12571,"max":0.96966666,"min":-1.129342,"value":0.5736683,"weightedAverage":0.5661295}},"self":204.6135936,"total":8055.4667299999992,"children":{"AgentSendState":{"count":462251,"self":14.653529599999999,"total":3545.2137359999997,"children":{"CollectObservations":{"count":1232768,"self":3.9461432,"total":3.9461429999999997,"children":null},"CollectDiscreteActionMasks":{"count":1232768,"self":2.195248,"total":2.195248,"children":null},"AgentInfo.ToProto":{"count":1232768,"self":8.33728,"total":3524.418815,"children":{"GenerateSensorData":{"count":1232768,"self":34.9942688,"total":3516.081535,"children":{"CameraSensor.GetCompressedObservation":{"count":1232768,"self":3481.0871807999997,"total":3481.087267,"children":null}}}}}}},"DecideAction":{"count":462251,"self":4255.1586816,"total":4255.158663,"children":null},"AgentAct":{"count":462251,"self":7.3229935999999993,"total":7.550369,"children":{"AgentInfo.ToProto":{"count":66,"self":0.000576,"total":0.227375,"children":{"GenerateSensorData":{"count":66,"self":0.002072,"total":0.226799,"children":{"CameraSensor.GetCompressedObservation":{"count":66,"self":0.22472699999999998,"total":0.22472699999999998,"children":null}}}}}}},"AgentInfo.ToProto":{"count":12505,"self":0.124069,"total":42.929604,"children":{"GenerateSensorData":{"count":12505,"self":0.494863,"total":42.805535,"children":{"CameraSensor.GetCompressedObservation":{"count":12505,"self":42.310672,"total":42.310672,"children":null}}}}}}}:43.578368,"children":null}}}}}}}