{"count":1,"gauges":{"AnimalAI.CumulativeReward":{"count":270,"max":0.908333361,"min":-5.581097,"value":-1.00000644,"weightedAverage":-1.03926241}},"self":14.1990112,"total":394.76762299999996,"children":{"AgentSendState":{"count":32584,"self":0.950442,"total":235.165662,"children":{"CollectObservations":{"count":87160,"self":0.24662299999999998,"total":0.24662299999999998,"children":null},"CollectDiscreteActionMasks":{"count":87160,"self":0.146526,"total":0.146526,"children":null},"AgentInfo.ToProto":{"count":87160,"self":0.552709,"total":233.822071,"children":{"GenerateSensorData":{"count":87160,"self":2.369954,"total":233.269362,"children":{"CameraSensor.GetCompressedObservation":{"count":87160,"self":230.89940479999999,"total":230.899408,"children":null}}}}}}},"DecideAction":{"count":32584,"self":144.0249088,"total":144.02490899999998,"children":null},"AgentAct":{"count":32584,"self":0.533466,"total":0.97678899999999991,"children":{"AgentInfo.ToProto":{"count":147,"self":0.001199,"total":0.44332299999999997,"children":{"GenerateSensorData":{"count":147,"self":0.0027029999999999997,"total":0.44212399999999996,"children":{"CameraSensor.GetCompressedObservation":{"count":147,"self":0.439421,"total":0.439421,"children":null}}}}}}},"AgentInfo.ToProto":{"count":123,"self":0.001175,"total":0.40043199999999995,"children":{"GenerateSensorData":{"count":123,"self":0.004952,"total":0.399257,"children":{"CameraSensor.GetCompressedObservation":{"count":123,"self":0.39430499999999996,"total":0.39430499999999996,"children":null}}}}}}}