{"count":1,"gauges":{"AnimalAI.CumulativeReward":{"count":5714,"max":0.999,"min":-1.9293555,"value":0.727000833,"weightedAverage":0.734087348}},"self":86.91344,"total":3102.281081,"children":{"AgentSendState":{"count":185084,"self":5.75446,"total":1433.7525739999999,"children":{"CollectObservations":{"count":494128,"self":1.570613,"total":1.570613,"children":null},"CollectDiscreteActionMasks":{"count":494128,"self":0.87640299999999993,"total":0.87640299999999993,"children":null},"AgentInfo.ToProto":{"count":494128,"self":3.3131329999999997,"total":1425.551098,"children":{"GenerateSensorData":{"count":494128,"self":13.5852544,"total":1422.237965,"children":{"CameraSensor.GetCompressedObservation":{"count":494128,"self":1408.6526976,"total":1408.6527099999998,"children":null}}}}}}},"DecideAction":{"count":185084,"self":1559.5843584,"total":1559.584322,"children":null},"AgentAct":{"count":185084,"self":3.247096,"total":5.1173329999999995,"children":{"AgentInfo.ToProto":{"count":571,"self":0.004691,"total":1.870237,"children":{"GenerateSensorData":{"count":571,"self":0.02003,"total":1.865546,"children":{"CameraSensor.GetCompressedObservation":{"count":571,"self":1.845516,"total":1.845516,"children":null}}}}}}},"AgentInfo.ToProto":{"count":5143,"self":0.049163,"total":16.912616,"children":{"GenerateSensorData":{"count":5143,"self":0.166635,"total":16.863453,"children":{"CameraSensor.GetCompressedObservation":{"count":5143,"self":16.6968176,"total":16.696818,"children":null}}}}}}}714,"children":null}}}}}}}