{"count":1,"gauges":{"AnimalAI.CumulativeReward":{"count":4863,"max":0.965666652,"min":-1.429347,"value":0.555001736,"weightedAverage":0.5483736}},"self":76.513088,"total":2894.435704,"children":{"AgentSendState":{"count":172084,"self":5.4733839999999994,"total":1302.9044139999999,"children":{"CollectObservations":{"count":458984,"self":1.45088,"total":1.45088,"children":null},"CollectDiscreteActionMasks":{"count":458984,"self":0.807345,"total":0.807345,"children":null},"AgentInfo.ToProto":{"count":458984,"self":3.032165,"total":1295.172805,"children":{"GenerateSensorData":{"count":458984,"self":13.4146488,"total":1292.1406399999998,"children":{"CameraSensor.GetCompressedObservation":{"count":458984,"self":1278.7260416,"total":1278.725991,"children":null}}}}}}},"DecideAction":{"count":172084,"self":1495.8134272,"total":1495.813424,"children":null},"AgentAct":{"count":172084,"self":2.689971,"total":2.852197,"children":{"AgentInfo.ToProto":{"count":54,"self":0.000459,"total":0.16222599999999998,"children":{"GenerateSensorData":{"count":54,"self":0.0027099999999999997,"total":0.161767,"children":{"CameraSensor.GetCompressedObservation":{"count":54,"self":0.159057,"total":0.159057,"children":null}}}}}}},"AgentInfo.ToProto":{"count":4809,"self":0.04865,"total":16.351823,"children":{"GenerateSensorData":{"count":4809,"self":0.204628,"total":16.303173,"children":{"CameraSensor.GetCompressedObservation":{"count":4809,"self":16.098545599999998,"total":16.098544999999998,"children":null}}}}}}}599999998,"total":16.250818,"children":null}}}}}}}