{"count":1,"gauges":{"AnimalAI.CumulativeReward":{"count":20720,"max":0.965666652,"min":-1.1946764,"value":0.5350019,"weightedAverage":0.5347098}},"self":371.60767999999996,"total":14746.028722,"children":{"AgentSendState":{"count":854751,"self":26.8915616,"total":6538.6629299999995,"children":{"CollectObservations":{"count":2279456,"self":7.1600328,"total":7.1600329999999994,"children":null},"CollectDiscreteActionMasks":{"count":2279456,"self":4.0248152,"total":4.024815,"children":null},"AgentInfo.ToProto":{"count":2279456,"self":15.734414399999999,"total":6500.5865189999995,"children":{"GenerateSensorData":{"count":2279456,"self":60.4424448,"total":6484.852105,"children":{"CameraSensor.GetCompressedObservation":{"count":2279456,"self":6424.4097023999993,"total":6424.4096629999995,"children":null}}}}}}},"DecideAction":{"count":854751,"self":7753.367552,"total":7753.3677119999993,"children":null},"AgentAct":{"count":854751,"self":13.6092944,"total":14.087907,"children":{"AgentInfo.ToProto":{"count":140,"self":0.0013269999999999998,"total":0.478612,"children":{"GenerateSensorData":{"count":140,"self":0.003173,"total":0.47728499999999996,"children":{"CameraSensor.GetCompressedObservation":{"count":140,"self":0.474112,"total":0.474112,"children":null}}}}}}},"AgentInfo.ToProto":{"count":20580,"self":0.209727,"total":68.301743,"children":{"GenerateSensorData":{"count":20580,"self":0.875822,"total":68.092016,"children":{"CameraSensor.GetCompressedObservation":{"count":20580,"self":67.216191999999992,"total":67.216194,"children":null}}}}}}}