{"count":1,"gauges":{"AnimalAI.CumulativeReward":{"count":1727,"max":0.943,"min":-1.81468689,"value":0.8083337,"weightedAverage":0.7848083}},"self":14.7318416,"total":546.428709,"children":{"AgentSendState":{"count":32417,"self":1.0341209999999998,"total":243.41535,"children":{"CollectObservations":{"count":86712,"self":0.27436699999999997,"total":0.27436699999999997,"children":null},"CollectDiscreteActionMasks":{"count":86712,"self":0.153324,"total":0.153324,"children":null},"AgentInfo.ToProto":{"count":86712,"self":0.581548,"total":241.95353799999998,"children":{"GenerateSensorData":{"count":86712,"self":2.620816,"total":241.37198999999998,"children":{"CameraSensor.GetCompressedObservation":{"count":86712,"self":238.7511808,"total":238.751174,"children":null}}}}}}},"DecideAction":{"count":32417,"self":282.48360959999997,"total":282.483606,"children":null},"AgentAct":{"count":32417,"self":0.544342,"total":0.772988,"children":{"AgentInfo.ToProto":{"count":67,"self":0.00053699999999999993,"total":0.228646,"children":{"GenerateSensorData":{"count":67,"self":0.001878,"total":0.22810899999999998,"children":{"CameraSensor.GetCompressedObservation":{"count":67,"self":0.226231,"total":0.226231,"children":null}}}}}}},"AgentInfo.ToProto":{"count":1660,"self":0.015548,"total":5.024153,"children":{"GenerateSensorData":{"count":1660,"self":0.049776999999999995,"total":5.008605,"children":{"CameraSensor.GetCompressedObservation":{"count":1660,"self":4.958828,"total":4.958828,"children":null}}}}}}}}}}}}}