{"count":1,"gauges":{"AnimalAI.CumulativeReward":{"count":20935,"max":0.992333353,"min":-1.76401937,"value":0.9496667,"weightedAverage":0.849777639}},"self":1317.2366336,"total":5636.1144269999995,"children":{"AgentSendState":{"count":388001,"self":12.074384799999999,"total":63.210814,"children":{"CollectObservations":{"count":1034752,"self":34.0692064,"total":34.069207,"children":null},"CollectDiscreteActionMasks":{"count":1034752,"self":2.441243,"total":2.441243,"children":null},"AgentInfo.ToProto":{"count":1034752,"self":6.4738359999999995,"total":14.625979,"children":{"GenerateSensorData":{"count":1034752,"self":8.1521432,"total":8.1521429999999988,"children":null}}}}},"DecideAction":{"count":388001,"self":4247.0252543999995,"total":4247.0250639999995,"children":null},"AgentAct":{"count":388001,"self":8.0606008,"total":8.0625559999999989,"children":{"AgentInfo.ToProto":{"count":87,"self":0.00083099999999999992,"total":0.0019549999999999997,"children":{"GenerateSensorData":{"count":87,"self":0.001124,"total":0.001124,"children":null}}}}},"AgentInfo.ToProto":{"count":20848,"self":0.244464,"total":0.57782,"children":{"GenerateSensorData":{"count":20848,"self":0.333356,"total":0.333356,"children":null}}}}}ull}}}}}