{"count":1,"gauges":{"AnimalAI.CumulativeReward":{"count":10159,"max":4.82833338,"min":-1.98268974,"value":-1.00000644,"weightedAverage":-1.0000062}},"self":7097.5193088,"total":22947.022144,"children":{"AgentSendState":{"count":1675751,"self":49.0228416,"total":347.929913,"children":{"CollectObservations":{"count":2234372,"self":244.65024,"total":244.65023399999998,"children":null},"CollectDiscreteActionMasks":{"count":2234372,"self":8.7578392,"total":8.7578389999999988,"children":null},"AgentInfo.ToProto":{"count":2234372,"self":22.652614399999997,"total":45.498996999999996,"children":{"GenerateSensorData":{"count":2234372,"self":22.8463824,"total":22.846383,"children":null}}}}},"DecideAction":{"count":1675751,"self":15449.0912768,"total":15449.091386999999,"children":null},"AgentAct":{"count":1675751,"self":52.196656,"total":52.406071999999995,"children":{"AgentInfo.ToProto":{"count":7739,"self":0.097798,"total":0.209416,"children":{"GenerateSensorData":{"count":7739,"self":0.111618,"total":0.111618,"children":null}}}}},"AgentInfo.ToProto":{"count":2420,"self":0.037239,"total":0.075026,"children":{"GenerateSensorData":{"count":2420,"self":0.037787,"total":0.037787,"children":null}}}}}