{"count":1,"gauges":{"AnimalAI.CumulativeReward":{"count":12058,"max":4.88166666,"min":-1.99202323,"value":-0.9999991,"weightedAverage":-0.846481264}},"self":7031.1198719999993,"total":23035.449317,"children":{"AgentSendState":{"count":1670917,"self":48.870361599999995,"total":366.882809,"children":{"CollectObservations":{"count":2227932,"self":262.696832,"total":262.696841,"children":null},"CollectDiscreteActionMasks":{"count":2227932,"self":8.7098272,"total":8.7098269999999989,"children":null},"AgentInfo.ToProto":{"count":2227932,"self":23.1669552,"total":46.605778,"children":{"GenerateSensorData":{"count":2227932,"self":23.4388224,"total":23.438823,"children":null}}}}},"DecideAction":{"count":1670917,"self":15586.5890816,"total":15586.588622,"children":null},"AgentAct":{"count":1670917,"self":50.4893504,"total":50.684096999999994,"children":{"AgentInfo.ToProto":{"count":6521,"self":0.092263,"total":0.194745,"children":{"GenerateSensorData":{"count":6521,"self":0.10248199999999999,"total":0.10248199999999999,"children":null}}}}},"AgentInfo.ToProto":{"count":5537,"self":0.089298999999999989,"total":0.172988,"children":{"GenerateSensorData":{"count":5537,"self":0.083689,"total":0.083689,"children":null}}}}}