{"count":1,"gauges":{"AnimalAI.CumulativeReward":{"count":12719,"max":0.9763333,"min":-1.43201375,"value":-1.00000644,"weightedAverage":-0.67234844}},"self":7097.802752,"total":23133.558633,"children":{"AgentSendState":{"count":1666084,"self":48.607952,"total":355.188989,"children":{"CollectObservations":{"count":2221456,"self":252.50452479999998,"total":252.504517,"children":null},"CollectDiscreteActionMasks":{"count":2221456,"self":8.7830192,"total":8.783019,"children":null},"AgentInfo.ToProto":{"count":2221456,"self":22.5823328,"total":45.293502,"children":{"GenerateSensorData":{"count":2221456,"self":22.711169599999998,"total":22.71117,"children":null}}}}},"DecideAction":{"count":1666084,"self":15629.5610368,"total":15629.560459999999,"children":null},"AgentAct":{"count":1666084,"self":50.624176,"total":50.817631999999996,"children":{"AgentInfo.ToProto":{"count":6778,"self":0.085055999999999993,"total":0.193455,"children":{"GenerateSensorData":{"count":6778,"self":0.108399,"total":0.108399,"children":null}}}}},"AgentInfo.ToProto":{"count":5941,"self":0.091566,"total":0.18762299999999998,"children":{"GenerateSensorData":{"count":5941,"self":0.09605699999999999,"total":0.09605699999999999,"children":null}}}}}