{"count":1,"gauges":{"AnimalAI.CumulativeReward":{"count":3,"max":3.82878041,"min":-1,"value":-1,"weightedAverage":-0.09460367}},"self":2109423.484928,"total":2237895.917558,"children":{"AgentSendState":{"count":111894497,"self":5281.009664,"total":125864.921704,"children":{"CollectObservations":{"count":298385328,"self":119576.06809599999,"total":119576.068819,"children":null},"CollectDiscreteActionMasks":{"count":298385328,"self":1007.8432256,"total":1007.843207,"children":null}}},"DecideAction":{"count":111894497,"self":578.1774336,"total":578.177423,"children":null},"AgentAct":{"count":111894497,"self":2029.3650432,"total":2029.365061,"children":null}}}