{"count":1,"gauges":{"AnimalAI.CumulativeReward":{"count":17472,"max":0.996333361,"min":-1.94535577,"value":-1.00000644,"weightedAverage":0.01969149}},"self":3449.38496,"total":15465.070267,"children":{"AgentSendState":{"count":849501,"self":29.8060992,"total":504.04162099999996,"children":{"CollectObservations":{"count":2265456,"self":430.1646336,"total":430.164628,"children":null},"CollectDiscreteActionMasks":{"count":2265456,"self":5.692552,"total":5.692552,"children":null},"AgentInfo.ToProto":{"count":2265456,"self":15.047657599999999,"total":38.378343,"children":{"GenerateSensorData":{"count":2265456,"self":23.3306848,"total":23.330685,"children":null}}}}},"DecideAction":{"count":849501,"self":11411.055411199999,"total":11411.055046,"children":null},"AgentAct":{"count":849501,"self":100.0089216,"total":100.14423099999999,"children":{"AgentInfo.ToProto":{"count":4473,"self":0.052060999999999996,"total":0.13530699999999998,"children":{"GenerateSensorData":{"count":4473,"self":0.083246,"total":0.083246,"children":null}}}}},"AgentInfo.ToProto":{"count":12999,"self":0.174899,"total":0.442816,"children":{"GenerateSensorData":{"count":12999,"self":0.26791699999999996,"total":0.26791699999999996,"children":null}}}}}