{"count":1,"gauges":{"AnimalAI.CumulativeReward":{"count":12799,"max":0.999,"min":-1.22444308,"value":-1.00000286,"weightedAverage":-0.19168295}},"self":2382.0359679999997,"total":9419.617891,"children":{"AgentSendState":{"count":520251,"self":25.434955199999997,"total":117.769835,"children":{"CollectObservations":{"count":1387344,"self":58.0846272,"total":58.084624999999996,"children":null},"CollectDiscreteActionMasks":{"count":1387344,"self":5.2760539999999994,"total":5.2760539999999994,"children":null},"AgentInfo.ToProto":{"count":1387344,"self":13.423886399999999,"total":28.974200999999997,"children":{"GenerateSensorData":{"count":1387344,"self":15.5503152,"total":15.550315,"children":null}}}}},"DecideAction":{"count":520251,"self":6893.1878911999993,"total":6893.187985,"children":null},"AgentAct":{"count":520251,"self":26.167187199999997,"total":26.299768999999998,"children":{"AgentInfo.ToProto":{"count":4050,"self":0.056540999999999994,"total":0.132582,"children":{"GenerateSensorData":{"count":4050,"self":0.076041,"total":0.076041,"children":null}}}}},"AgentInfo.ToProto":{"count":8749,"self":0.139597,"total":0.32339,"children":{"GenerateSensorData":{"count":8749,"self":0.18379299999999998,"total":0.18379299999999998,"children":null}}}}}9998,"children":null}}}}}