{"count":1,"gauges":{"AnimalAI.CumulativeReward":{"count":26953,"max":4.875,"min":-1.99869,"value":0.7148336,"weightedAverage":0.7647167}},"self":3911.6873728,"total":15217.086513999999,"children":{"AgentSendState":{"count":845584,"self":40.5506336,"total":181.80605,"children":{"CollectObservations":{"count":2254992,"self":90.2110208,"total":90.211019,"children":null},"CollectDiscreteActionMasks":{"count":2254992,"self":8.6077152,"total":8.6077149999999989,"children":null},"AgentInfo.ToProto":{"count":2254992,"self":22.262481599999997,"total":42.436682,"children":{"GenerateSensorData":{"count":2254992,"self":20.1742,"total":20.1742,"children":null}}}}},"DecideAction":{"count":845584,"self":11099.3907712,"total":11099.390378,"children":null},"AgentAct":{"count":845584,"self":23.3518688,"total":23.353008,"children":{"AgentInfo.ToProto":{"count":49,"self":0.00059899999999999992,"total":0.001139,"children":{"GenerateSensorData":{"count":49,"self":0.00054,"total":0.00054,"children":null}}}}},"AgentInfo.ToProto":{"count":26904,"self":0.42235,"total":0.84902899999999992,"children":{"GenerateSensorData":{"count":26904,"self":0.426679,"total":0.426679,"children":null}}}}}