{"count":1,"gauges":{"AnimalAI.CumulativeReward":{"count":24065,"max":0.9812222,"min":-1.79332125,"value":0.06788659,"weightedAverage":0.3067836}},"self":3885.0338816,"total":15057.413937,"children":{"AgentSendState":{"count":847167,"self":40.344528,"total":181.768568,"children":{"CollectObservations":{"count":2259128,"self":90.240544,"total":90.240546999999992,"children":null},"CollectDiscreteActionMasks":{"count":2259128,"self":8.7006816,"total":8.700682,"children":null},"AgentInfo.ToProto":{"count":2259128,"self":22.3772448,"total":42.482811999999996,"children":{"GenerateSensorData":{"count":2259128,"self":20.105567999999998,"total":20.105567999999998,"children":null}}}}},"DecideAction":{"count":847167,"self":10961.002496,"total":10961.002697,"children":null},"AgentAct":{"count":847167,"self":28.834483199999998,"total":28.885839999999998,"children":{"AgentInfo.ToProto":{"count":1887,"self":0.024627,"total":0.051358,"children":{"GenerateSensorData":{"count":1887,"self":0.026730999999999998,"total":0.026730999999999998,"children":null}}}}},"AgentInfo.ToProto":{"count":22178,"self":0.35406099999999996,"total":0.72237,"children":{"GenerateSensorData":{"count":22178,"self":0.368309,"total":0.368309,"children":null}}}}}