{"count":1,"gauges":{"AnimalAI.CumulativeReward":{"count":10787,"max":4.839,"min":-1.9960233,"value":-1.00000644,"weightedAverage":-0.999901056}},"self":3824.8951807999997,"total":11762.281587,"children":{"AgentSendState":{"count":835667,"self":40.1090912,"total":178.29600499999998,"children":{"CollectObservations":{"count":2228520,"self":88.821651199999991,"total":88.821649999999991,"children":null},"CollectDiscreteActionMasks":{"count":2228520,"self":8.5364367999999988,"total":8.536437,"children":null},"AgentInfo.ToProto":{"count":2228520,"self":21.709884799999998,"total":40.828828,"children":{"GenerateSensorData":{"count":2228520,"self":19.118942399999998,"total":19.118942999999998,"children":null}}}}},"DecideAction":{"count":835667,"self":7718.5384447999995,"total":7718.53832,"children":null},"AgentAct":{"count":835667,"self":40.2358304,"total":40.415818,"children":{"AgentInfo.ToProto":{"count":6647,"self":0.08671799999999999,"total":0.17998699999999998,"children":{"GenerateSensorData":{"count":6647,"self":0.093268999999999991,"total":0.093268999999999991,"children":null}}}}},"AgentInfo.ToProto":{"count":4140,"self":0.069109999999999991,"total":0.135273,"children":{"GenerateSensorData":{"count":4140,"self":0.066163,"total":0.066163,"children":null}}}}}