{"count":1,"gauges":{"AnimalAI.CumulativeReward":{"count":897,"max":4.872333,"min":-1.882688,"value":0.756500244,"weightedAverage":0.7854339}},"self":180.364928,"total":641.160908,"children":{"AgentSendState":{"count":39501,"self":1.911317,"total":8.492053,"children":{"CollectObservations":{"count":105432,"self":4.218732,"total":4.218732,"children":null},"CollectDiscreteActionMasks":{"count":105432,"self":0.40480299999999997,"total":0.40480299999999997,"children":null},"AgentInfo.ToProto":{"count":105432,"self":1.057299,"total":1.957201,"children":{"GenerateSensorData":{"count":105432,"self":0.899902,"total":0.899902,"children":null}}}}},"DecideAction":{"count":39501,"self":451.0884352,"total":451.08845399999996,"children":null},"AgentAct":{"count":39501,"self":1.1870779999999999,"total":1.188288,"children":{"AgentInfo.ToProto":{"count":54,"self":0.00064399999999999993,"total":0.00121,"children":{"GenerateSensorData":{"count":54,"self":0.000566,"total":0.000566,"children":null}}}}},"AgentInfo.ToProto":{"count":843,"self":0.012908999999999999,"total":0.026177,"children":{"GenerateSensorData":{"count":843,"self":0.013267999999999999,"total":0.013267999999999999,"children":null}}}}}"children":null}}}}}