{"count":1,"gauges":{"AnimalAI.CumulativeReward":{"count":5191,"max":0.995,"min":-1.18667626,"value":0.8296669,"weightedAverage":0.787486851}},"self":1016.2000896,"total":136081.899863,"children":{"AgentSendState":{"count":263751,"self":17.665161599999998,"total":89756.141397,"children":{"CollectObservations":{"count":351704,"self":87664.5187584,"total":87664.520947,"children":null},"CollectDiscreteActionMasks":{"count":351704,"self":2.074932,"total":2.074932,"children":null},"AgentInfo.ToProto":{"count":351704,"self":5.766188,"total":2071.880357,"children":{"GenerateSensorData":{"count":351704,"self":24.8500864,"total":2066.114169,"children":{"CameraSensor.GetCompressedObservation":{"count":351704,"self":2041.2641279999998,"total":2041.2640829999998,"children":null}}}}}}},"DecideAction":{"count":263751,"self":45255.029555199995,"total":45255.027939,"children":null},"AgentAct":{"count":263751,"self":7.8408592,"total":9.238382,"children":{"AgentInfo.ToProto":{"count":150,"self":0.002266,"total":1.3975229999999998,"children":{"GenerateSensorData":{"count":150,"self":0.008786,"total":1.395257,"children":{"CameraSensor.GetCompressedObservation":{"count":150,"self":1.386471,"total":1.386471,"children":null}}}}}}},"AgentInfo.ToProto":{"count":5041,"self":0.09855,"total":45.291171,"children":{"GenerateSensorData":{"count":5041,"self":0.302714,"total":45.192620999999995,"children":{"CameraSensor.GetCompressedObservation":{"count":5041,"self":44.889907199999996,"total":44.889907,"children":null}}}}}}}