{"count":1,"gauges":{"AnimalAI.CumulativeReward":{"count":8324,"max":0.9763333,"min":-1.95868933,"value":0.764333963,"weightedAverage":0.4571841}},"self":4621.676544,"total":14336.872839,"children":{"AgentSendState":{"count":1130167,"self":32.8793248,"total":386.856829,"children":{"CollectObservations":{"count":1506900,"self":316.3650048,"total":316.36499299999997,"children":null},"CollectDiscreteActionMasks":{"count":1506900,"self":5.8636479999999995,"total":5.8636479999999995,"children":null},"AgentInfo.ToProto":{"count":1506900,"self":15.4873424,"total":31.748862,"children":{"GenerateSensorData":{"count":1506900,"self":16.26152,"total":16.26152,"children":null}}}}},"DecideAction":{"count":1130167,"self":9295.9989759999989,"total":9295.999183,"children":null},"AgentAct":{"count":1130167,"self":32.0810368,"total":32.198581,"children":{"AgentInfo.ToProto":{"count":4008,"self":0.053256,"total":0.117544,"children":{"GenerateSensorData":{"count":4008,"self":0.064288,"total":0.064288,"children":null}}}}},"AgentInfo.ToProto":{"count":4316,"self":0.07103,"total":0.140677,"children":{"GenerateSensorData":{"count":4316,"self":0.069647,"total":0.069647,"children":null}}}}}:0.087569,"children":null}}}}}:null}}}}}