{
    "name": "root",
    "gauges": {
        "AnimalAI.mean_reward": {
            "value": 0.38755555767075794,
            "min": -0.8739634918125525,
            "max": 0.5457932441535851,
            "count": 1000
        },
        "blindgotox6_AnimalAI.Policy/Entropy.mean": {
            "value": 0.379279226064682,
            "min": 0.3730049729347229,
            "max": 2.1563518047332764,
            "count": 1000
        },
        "blindgotox6_AnimalAI.Environment/Lesson.mean": {
            "value": 1.0,
            "min": 0.0,
            "max": 1.0,
            "count": 1000
        },
        "blindgotox6_AnimalAI.Environment/Cumulative Reward.mean": {
            "value": 0.38755555767075794,
            "min": -0.8739634918125525,
            "max": 0.5457932441535851,
            "count": 1000
        },
        "blindgotox6_AnimalAI.Environment/Episode Length.mean": {
            "value": 88.33333333333333,
            "min": 42.391304347826086,
            "max": 141.57534246575344,
            "count": 1000
        },
        "blindgotox6_AnimalAI.Policy/Extrinsic Value Estimate.mean": {
            "value": 0.4228672981262207,
            "min": -0.5085479021072388,
            "max": 0.4642203152179718,
            "count": 1000
        },
        "blindgotox6_AnimalAI.Policy/Curiosity Value Estimate.mean": {
            "value": 0.013511520810425282,
            "min": 0.012472116388380527,
            "max": 0.2770639657974243,
            "count": 1000
        },
        "blindgotox6_AnimalAI.Policy/Extrinsic Reward.mean": {
            "value": 0.3861520358344965,
            "min": -0.883535922328128,
            "max": 0.5444255282524891,
            "count": 1000
        },
        "blindgotox6_AnimalAI.Policy/Curiosity Reward.mean": {
            "value": 0.009046180823740238,
            "min": 0.007091031485026055,
            "max": 0.3984434266242977,
            "count": 1000
        },
        "blindgotox6_AnimalAI.Losses/Value Loss.mean": {
            "value": 0.0037319783587008715,
            "min": 0.0028352532535791397,
            "max": 0.023394644260406494,
            "count": 1000
        },
        "blindgotox6_AnimalAI.Losses/Policy Loss.mean": {
            "value": 0.09781327098608017,
            "min": 0.08687058091163635,
            "max": 0.10909917205572128,
            "count": 1000
        },
        "blindgotox6_AnimalAI.Policy/Learning Rate.mean": {
            "value": 1.2998683018849988e-07,
            "min": 1.2998683018849988e-07,
            "max": 0.0002998333075083792,
            "count": 1000
        },
        "blindgotox6_AnimalAI.Losses/Curiosity Forward Loss.mean": {
            "value": 0.009420481510460377,
            "min": 0.007730656303465366,
            "max": 0.28095656633377075,
            "count": 1000
        },
        "blindgotox6_AnimalAI.Losses/Curiosity Inverse Loss.mean": {
            "value": 0.017072206363081932,
            "min": 0.012098388746380806,
            "max": 1.4158926010131836,
            "count": 1000
        }
    },
    "total": 15061.73409951094,
    "count": 1,
    "self": 4.0556676959386095,
    "children": {
        "run_training.setup": {
            "total": 0.08730626304168254,
            "count": 1,
            "self": 0.08730626304168254
        },
        "TrainerController.start_learning": {
            "total": 15057.59112555196,
            "count": 1,
            "self": 4032.3892665072344,
            "children": {
                "TrainerControllerAAI._reset_env": {
                    "total": 3.7461935710161924,
                    "count": 2,
                    "self": 3.7461935710161924
                },
                "TrainerController.advance": {
                    "total": 11016.633586406126,
                    "count": 773223,
                    "self": 32.15481052175164,
                    "children": {
                        "env_step": {
                            "total": 5132.26009932626,
                            "count": 773223,
                            "self": 3010.9675677515334,
                            "children": {
                                "SubprocessEnvManager._take_step": {
                                    "total": 2096.175697734696,
                                    "count": 1320523,
                                    "self": 105.4055138345575,
                                    "children": {
                                        "NNPolicy.evaluate": {
                                            "total": 1990.7701839001384,
                                            "count": 1320523,
                                            "self": 1990.7701839001384
                                        }
                                    }
                                },
                                "workers": {
                                    "total": 25.116833840031177,
                                    "count": 773223,
                                    "self": 0.0,
                                    "children": {
                                        "worker_root": {
                                            "total": 60149.43315743189,
                                            "count": 1320519,
                                            "is_parallel": true,
                                            "self": 37936.44424342201,
                                            "children": {
                                                "run_training.setup": {
                                                    "total": 0.0,
                                                    "count": 0,
                                                    "is_parallel": true,
                                                    "self": 0.0,
                                                    "children": {
                                                        "batched_step_result_from_proto": {
                                                            "total": 0.008166886866092682,
                                                            "count": 8,
                                                            "is_parallel": true,
                                                            "self": 0.004079822916537523,
                                                            "children": {
                                                                "_process_vector_observation": {
                                                                    "total": 0.004087063949555159,
                                                                    "count": 8,
                                                                    "is_parallel": true,
                                                                    "self": 0.004087063949555159
                                                                }
                                                            }
                                                        },
                                                        "UnityEnvironment.step": {
                                                            "total": 0.10856016597244889,
                                                            "count": 4,
                                                            "is_parallel": true,
                                                            "self": 0.0009001019643619657,
                                                            "children": {
                                                                "UnityEnvironment._generate_step_input": {
                                                                    "total": 0.0011371849104762077,
                                                                    "count": 4,
                                                                    "is_parallel": true,