{"count":1,"gauges":{"AnimalAI.CumulativeReward":{"count":12518,"max":4.88033342,"min":-1.97735631,"value":-1.00000644,"weightedAverage":-0.451293051}},"self":7067.6471808,"total":22855.987869999997,"children":{"AgentSendState":{"count":1665501,"self":48.0370528,"total":198.110889,"children":{"CollectObservations":{"count":2220700,"self":95.6572928,"total":95.657294,"children":null},"CollectDiscreteActionMasks":{"count":2220700,"self":8.7794968,"total":8.779497,"children":null},"AgentInfo.ToProto":{"count":2220700,"self":23.3619824,"total":45.637045,"children":{"GenerateSensorData":{"count":2220700,"self":22.2750624,"total":22.275063,"children":null}}}}},"DecideAction":{"count":1665501,"self":15541.1922944,"total":15541.191923999999,"children":null},"AgentAct":{"count":1665501,"self":48.6535328,"total":48.838511,"children":{"AgentInfo.ToProto":{"count":6415,"self":0.096777,"total":0.184977,"children":{"GenerateSensorData":{"count":6415,"self":0.0882,"total":0.0882,"children":null}}}}},"AgentInfo.ToProto":{"count":6103,"self":0.100868,"total":0.19838599999999998,"children":{"GenerateSensorData":{"count":6103,"self":0.097518,"total":0.097518,"children":null}}}}}